idx,Expression,Fitness,OOB Fitness,Length,Depth
0,ts_std_20(volume),0.3348459812829472,0.4259523504523902,2,1
9,volume,0.31103595323023353,0.4525864883926091,1,0
26,ts_max_60(volume),0.27691146236733527,0.2619588962558713,2,1
13,"delta_2(ts_argmax_60(ts_correlation_10(vwap, open)))",0.24453349611795783,0.07984418328661548,5,3
27,"delta_2(ts_argmax_60(ts_correlation_10(vwap, delta_20(low))))",0.2296246714309377,0.19996011842586192,6,4
1,delta_2(close),0.221062338810669,0.3333181418909137,2,1
2,"delta_2(ts_argmax_60(max(vwap, open)))",0.20296903165942257,0.2226840005952228,5,3
